{
    "seed_1": {
        "train_loss": [
            0.19002666823498443
        ],
        "test_loss": [
            0.04849122200012207
        ],
        "test_acc": [
            98.45
        ]
    }
}