{
    "seed_1": {
        "train_loss": [
            0.19002666823498443,
            0.07403949533091751,
            0.05539453649103566,
            0.0442494655607642
        ],
        "test_loss": [
            0.04849122200012207,
            0.0372012615442276,
            0.03250315353870392,
            0.03223669414520264
        ],
        "test_acc": [
            98.45,
            98.72,
            98.82,
            99.0
        ]
    },
    "seed_42": {
        "train_loss": [
            0.1931537116524269,
            0.06831106196429684,
            0.05019967117427991,
            0.04207162179534625
        ],
        "test_loss": [
            0.04484531540870666,
            0.03456198444366455,
            0.034280988347530364,
            0.034868188142776486
        ],
        "test_acc": [
            98.65,
            98.83,
            98.93,
            98.89
        ]
    },
    "seed_2024": {
        "train_loss": [
            0.18824164321157597,
            0.07004133599965688,
            0.05005080993004294,
            0.04088199537624466
        ],
        "test_loss": [
            0.04581483669281006,
            0.04379275999069214,
            0.030527682876586915,
            0.0300029834151268
        ],
        "test_acc": [
            98.57,
            98.52,
            99.0,
            99.03
        ]
    }
}